Code Domaine,Domaine,Code zone,Zone,Code Élément,Élément,Code Produit,Produit,Code année,Année,Unité,Valeur,Symbole,Description du Symbole
"QI","Indices de production","2","Afghanistan","432","Indice de production brut (Référence 2004-2006)","2044","Élevage (Indice Pr)","2013","2013","Int. $","103.95","Fc","Donnée calculée"
"QI","Indices de production","202","Afrique du Sud","432","Indice de production brut (Référence 2004-2006)","2044","Élevage (Indice Pr)","2013","2013","Int. $","128.89","Fc","Donnée calculée"
"QI","Indices de production","3","Albanie","432","Indice de production brut (Référence 2004-2006)","2044","Élevage (Indice Pr)","2013","2013","Int. $","110.44","Fc","Donnée calculée"
"QI","Indices de production","4","Algérie","432","Indice de production brut (Référence 2004-2006)","2044","Élevage (Indice Pr)","2013","2013","Int. $","141.81","Fc","Donnée calculée"
"QI","Indices de production","79","Allemagne","432","Indice de production brut (Référence 2004-2006)","2044","Élevage (Indice Pr)","2013","2013","Int. $","110.2","Fc","Donnée calculée"
"QI","Indices de production","7","Angola","432","Indice de production brut (Référence 2004-2006)","2044","Élevage (Indice Pr)","2013","2013","Int. $","137.32","Fc","Donnée calculée"
"QI","Indices de production","8","Antigua-et-Barbuda","432","Indice de production brut (Référence 2004-2006)","2044","Élevage (Indice Pr)","2013","2013","Int. $","51.01","Fc","Donnée calculée"
"QI","Indices de production","194","Arabie saoudite","432","Indice de production brut (Référence 2004-2006)","2044","Élevage (Indice Pr)","2013","2013","Int. $","130.8","Fc","Donnée calculée"
"QI","Indices de production","9","Argentine","432","Indice de production brut (Référence 2004-2006)","2044","Élevage (Indice Pr)","2013","2013","Int. $","108.95","Fc","Donnée calculée"
"QI","Indices de production","1","Arménie","432","Indice de production brut (Référence 2004-2006)","2044","Élevage (Indice Pr)","2013","2013","Int. $","124.45","Fc","Donnée calculée"
"QI","Indices de production","10","Australie","432","Indice de production brut (Référence 2004-2006)","2044","Élevage (Indice Pr)","2013","2013","Int. $","106.18","Fc","Donnée calculée"
"QI","Indices de production","11","Autriche","432","Indice de production brut (Référence 2004-2006)","2044","Élevage (Indice Pr)","2013","2013","Int. $","103.58","Fc","Donnée calculée"
"QI","Indices de production","52","Azerbaïdjan","432","Indice de production brut (Référence 2004-2006)","2044","Élevage (Indice Pr)","2013","2013","Int. $","164.6","Fc","Donnée calculée"
"QI","Indices de production","12","Bahamas","432","Indice de production brut (Référence 2004-2006)","2044","Élevage (Indice Pr)","2013","2013","Int. $","114.05","Fc","Donnée calculée"
"QI","Indices de production","13","Bahreïn","432","Indice de production brut (Référence 2004-2006)","2044","Élevage (Indice Pr)","2013","2013","Int. $","351.14","Fc","Donnée calculée"
"QI","Indices de production","16","Bangladesh","432","Indice de production brut (Référence 2004-2006)","2044","Élevage (Indice Pr)","2013","2013","Int. $","124.67","Fc","Donnée calculée"
"QI","Indices de production","14","Barbade","432","Indice de production brut (Référence 2004-2006)","2044","Élevage (Indice Pr)","2013","2013","Int. $","106.94","Fc","Donnée calculée"
"QI","Indices de production","57","Bélarus","432","Indice de production brut (Référence 2004-2006)","2044","Élevage (Indice Pr)","2013","2013","Int. $","136.25","Fc","Donnée calculée"
"QI","Indices de production","255","Belgique","432","Indice de production brut (Référence 2004-2006)","2044","Élevage (Indice Pr)","2013","2013","Int. $","105.88","Fc","Donnée calculée"
"QI","Indices de production","23","Belize","432","Indice de production brut (Référence 2004-2006)","2044","Élevage (Indice Pr)","2013","2013","Int. $","113.87","Fc","Donnée calculée"
"QI","Indices de production","53","Bénin","432","Indice de production brut (Référence 2004-2006)","2044","Élevage (Indice Pr)","2013","2013","Int. $","132.9","Fc","Donnée calculée"
"QI","Indices de production","17","Bermudes","432","Indice de production brut (Référence 2004-2006)","2044","Élevage (Indice Pr)","2013","2013","Int. $","109.01","Fc","Donnée calculée"
"QI","Indices de production","18","Bhoutan","432","Indice de production brut (Référence 2004-2006)","2044","Élevage (Indice Pr)","2013","2013","Int. $","97.16","Fc","Donnée calculée"
"QI","Indices de production","19","Bolivie (État plurinational de)","432","Indice de production brut (Référence 2004-2006)","2044","Élevage (Indice Pr)","2013","2013","Int. $","134.07","Fc","Donnée calculée"
"QI","Indices de production","80","Bosnie-Herzégovine","432","Indice de production brut (Référence 2004-2006)","2044","Élevage (Indice Pr)","2013","2013","Int. $","119.22","Fc","Donnée calculée"
"QI","Indices de production","20","Botswana","432","Indice de production brut (Référence 2004-2006)","2044","Élevage (Indice Pr)","2013","2013","Int. $","129.3","Fc","Donnée calculée"
"QI","Indices de production","21","Brésil","432","Indice de production brut (Référence 2004-2006)","2044","Élevage (Indice Pr)","2013","2013","Int. $","127.51","Fc","Donnée calculée"
"QI","Indices de production","26","Brunéi Darussalam","432","Indice de production brut (Référence 2004-2006)","2044","Élevage (Indice Pr)","2013","2013","Int. $","182.6","Fc","Donnée calculée"
"QI","Indices de production","27","Bulgarie","432","Indice de production brut (Référence 2004-2006)","2044","Élevage (Indice Pr)","2013","2013","Int. $","90.49","Fc","Donnée calculée"
"QI","Indices de production","233","Burkina Faso","432","Indice de production brut (Référence 2004-2006)","2044","Élevage (Indice Pr)","2013","2013","Int. $","85.28","Fc","Donnée calculée"
"QI","Indices de production","29","Burundi","432","Indice de production brut (Référence 2004-2006)","2044","Élevage (Indice Pr)","2013","2013","Int. $","126.1","Fc","Donnée calculée"
"QI","Indices de production","35","Cabo Verde","432","Indice de production brut (Référence 2004-2006)","2044","Élevage (Indice Pr)","2013","2013","Int. $","77.7","Fc","Donnée calculée"
"QI","Indices de production","115","Cambodge","432","Indice de production brut (Référence 2004-2006)","2044","Élevage (Indice Pr)","2013","2013","Int. $","91.4","Fc","Donnée calculée"
"QI","Indices de production","32","Cameroun","432","Indice de production brut (Référence 2004-2006)","2044","Élevage (Indice Pr)","2013","2013","Int. $","124.07","Fc","Donnée calculée"
"QI","Indices de production","33","Canada","432","Indice de production brut (Référence 2004-2006)","2044","Élevage (Indice Pr)","2013","2013","Int. $","85.63","Fc","Donnée calculée"
"QI","Indices de production","40","Chili","432","Indice de production brut (Référence 2004-2006)","2044","Élevage (Indice Pr)","2013","2013","Int. $","111.07","Fc","Donnée calculée"
"QI","Indices de production","351","Chine","432","Indice de production brut (Référence 2004-2006)","2044","Élevage (Indice Pr)","2013","2013","Int. $","125.91","Fc","Donnée calculée"
"QI","Indices de production","96","Chine - RAS de Hong-Kong","432","Indice de production brut (Référence 2004-2006)","2044","Élevage (Indice Pr)","2013","2013","Int. $","50.13","Fc","Donnée calculée"
"QI","Indices de production","128","Chine - RAS de Macao","432","Indice de production brut (Référence 2004-2006)","2044","Élevage (Indice Pr)","2013","2013","Int. $","84.43","Fc","Donnée calculée"
"QI","Indices de production","41","Chine, continentale","432","Indice de production brut (Référence 2004-2006)","2044","Élevage (Indice Pr)","2013","2013","Int. $","126.48","Fc","Donnée calculée"
"QI","Indices de production","214","Chine, Taiwan Province de","432","Indice de production brut (Référence 2004-2006)","2044","Élevage (Indice Pr)","2013","2013","Int. $","98.1","Fc","Donnée calculée"
"QI","Indices de production","50","Chypre","432","Indice de production brut (Référence 2004-2006)","2044","Élevage (Indice Pr)","2013","2013","Int. $","89.65","Fc","Donnée calculée"
"QI","Indices de production","44","Colombie","432","Indice de production brut (Référence 2004-2006)","2044","Élevage (Indice Pr)","2013","2013","Int. $","121.61","Fc","Donnée calculée"
"QI","Indices de production","45","Comores","432","Indice de production brut (Référence 2004-2006)","2044","Élevage (Indice Pr)","2013","2013","Int. $","112.91","Fc","Donnée calculée"
"QI","Indices de production","46","Congo","432","Indice de production brut (Référence 2004-2006)","2044","Élevage (Indice Pr)","2013","2013","Int. $","161.57","Fc","Donnée calculée"
"QI","Indices de production","48","Costa Rica","432","Indice de production brut (Référence 2004-2006)","2044","Élevage (Indice Pr)","2013","2013","Int. $","123.17","Fc","Donnée calculée"
"QI","Indices de production","107","Côte d'Ivoire","432","Indice de production brut (Référence 2004-2006)","2044","Élevage (Indice Pr)","2013","2013","Int. $","130.36","Fc","Donnée calculée"
"QI","Indices de production","98","Croatie","432","Indice de production brut (Référence 2004-2006)","2044","Élevage (Indice Pr)","2013","2013","Int. $","96.34","Fc","Donnée calculée"
"QI","Indices de production","49","Cuba","432","Indice de production brut (Référence 2004-2006)","2044","Élevage (Indice Pr)","2013","2013","Int. $","143.96","Fc","Donnée calculée"
"QI","Indices de production","54","Danemark","432","Indice de production brut (Référence 2004-2006)","2044","Élevage (Indice Pr)","2013","2013","Int. $","99.02","Fc","Donnée calculée"
"QI","Indices de production","72","Djibouti","432","Indice de production brut (Référence 2004-2006)","2044","Élevage (Indice Pr)","2013","2013","Int. $","134.37","Fc","Donnée calculée"
"QI","Indices de production","55","Dominique","432","Indice de production brut (Référence 2004-2006)","2044","Élevage (Indice Pr)","2013","2013","Int. $","103.89","Fc","Donnée calculée"
"QI","Indices de production","59","Égypte","432","Indice de production brut (Référence 2004-2006)","2044","Élevage (Indice Pr)","2013","2013","Int. $","129.02","Fc","Donnée calculée"
"QI","Indices de production","60","El Salvador","432","Indice de production brut (Référence 2004-2006)","2044","Élevage (Indice Pr)","2013","2013","Int. $","106.29","Fc","Donnée calculée"
"QI","Indices de production","225","Émirats arabes unis","432","Indice de production brut (Référence 2004-2006)","2044","Élevage (Indice Pr)","2013","2013","Int. $","156.66","Fc","Donnée calculée"
"QI","Indices de production","58","Équateur","432","Indice de production brut (Référence 2004-2006)","2044","Élevage (Indice Pr)","2013","2013","Int. $","132.79","Fc","Donnée calculée"
"QI","Indices de production","178","Érythrée","432","Indice de production brut (Référence 2004-2006)","2044","Élevage (Indice Pr)","2013","2013","Int. $","122.98","Fc","Donnée calculée"
"QI","Indices de production","203","Espagne","432","Indice de production brut (Référence 2004-2006)","2044","Élevage (Indice Pr)","2013","2013","Int. $","100.45","Fc","Donnée calculée"
"QI","Indices de production","63","Estonie","432","Indice de production brut (Référence 2004-2006)","2044","Élevage (Indice Pr)","2013","2013","Int. $","120.4","Fc","Donnée calculée"
"QI","Indices de production","231","États-Unis d'Amérique","432","Indice de production brut (Référence 2004-2006)","2044","Élevage (Indice Pr)","2013","2013","Int. $","107.83","Fc","Donnée calculée"
"QI","Indices de production","238","Éthiopie","432","Indice de production brut (Référence 2004-2006)","2044","Élevage (Indice Pr)","2013","2013","Int. $","118.76","Fc","Donnée calculée"
"QI","Indices de production","185","Fédération de Russie","432","Indice de production brut (Référence 2004-2006)","2044","Élevage (Indice Pr)","2013","2013","Int. $","122.4","Fc","Donnée calculée"
"QI","Indices de production","66","Fidji","432","Indice de production brut (Référence 2004-2006)","2044","Élevage (Indice Pr)","2013","2013","Int. $","110.14","Fc","Donnée calculée"
"QI","Indices de production","67","Finlande","432","Indice de production brut (Référence 2004-2006)","2044","Élevage (Indice Pr)","2013","2013","Int. $","97.71","Fc","Donnée calculée"
"QI","Indices de production","68","France","432","Indice de production brut (Référence 2004-2006)","2044","Élevage (Indice Pr)","2013","2013","Int. $","102.63","Fc","Donnée calculée"
"QI","Indices de production","74","Gabon","432","Indice de production brut (Référence 2004-2006)","2044","Élevage (Indice Pr)","2013","2013","Int. $","111.67","Fc","Donnée calculée"
"QI","Indices de production","75","Gambie","432","Indice de production brut (Référence 2004-2006)","2044","Élevage (Indice Pr)","2013","2013","Int. $","106.24","Fc","Donnée calculée"
"QI","Indices de production","73","Géorgie","432","Indice de production brut (Référence 2004-2006)","2044","Élevage (Indice Pr)","2013","2013","Int. $","74.61","Fc","Donnée calculée"
"QI","Indices de production","81","Ghana","432","Indice de production brut (Référence 2004-2006)","2044","Élevage (Indice Pr)","2013","2013","Int. $","133.04","Fc","Donnée calculée"
"QI","Indices de production","84","Grèce","432","Indice de production brut (Référence 2004-2006)","2044","Élevage (Indice Pr)","2013","2013","Int. $","94.98","Fc","Donnée calculée"
"QI","Indices de production","86","Grenade","432","Indice de production brut (Référence 2004-2006)","2044","Élevage (Indice Pr)","2013","2013","Int. $","107.14","Fc","Donnée calculée"
"QI","Indices de production","85","Groenland","432","Indice de production brut (Référence 2004-2006)","2044","Élevage (Indice Pr)","2013","2013","Int. $","97.88","Fc","Donnée calculée"
"QI","Indices de production","87","Guadeloupe","432","Indice de production brut (Référence 2004-2006)","2044","Élevage (Indice Pr)","2013","2013","Int. $","119.98","Fc","Donnée calculée"
"QI","Indices de production","88","Guam","432","Indice de production brut (Référence 2004-2006)","2044","Élevage (Indice Pr)","2013","2013","Int. $","113.04","Fc","Donnée calculée"
"QI","Indices de production","89","Guatemala","432","Indice de production brut (Référence 2004-2006)","2044","Élevage (Indice Pr)","2013","2013","Int. $","121.47","Fc","Donnée calculée"
"QI","Indices de production","90","Guinée","432","Indice de production brut (Référence 2004-2006)","2044","Élevage (Indice Pr)","2013","2013","Int. $","139.38","Fc","Donnée calculée"
"QI","Indices de production","61","Guinée équatoriale","432","Indice de production brut (Référence 2004-2006)","2044","Élevage (Indice Pr)","2013","2013","Int. $","104.73","Fc","Donnée calculée"
"QI","Indices de production","175","Guinée-Bissau","432","Indice de production brut (Référence 2004-2006)","2044","Élevage (Indice Pr)","2013","2013","Int. $","126.77","Fc","Donnée calculée"
"QI","Indices de production","91","Guyana","432","Indice de production brut (Référence 2004-2006)","2044","Élevage (Indice Pr)","2013","2013","Int. $","136.74","Fc","Donnée calculée"
"QI","Indices de production","69","Guyane française","432","Indice de production brut (Référence 2004-2006)","2044","Élevage (Indice Pr)","2013","2013","Int. $","119.38","Fc","Donnée calculée"
"QI","Indices de production","93","Haïti","432","Indice de production brut (Référence 2004-2006)","2044","Élevage (Indice Pr)","2013","2013","Int. $","106.61","Fc","Donnée calculée"
"QI","Indices de production","95","Honduras","432","Indice de production brut (Référence 2004-2006)","2044","Élevage (Indice Pr)","2013","2013","Int. $","108.2","Fc","Donnée calculée"
"QI","Indices de production","97","Hongrie","432","Indice de production brut (Référence 2004-2006)","2044","Élevage (Indice Pr)","2013","2013","Int. $","87.83","Fc","Donnée calculée"
"QI","Indices de production","36","Îles Caïmanes","432","Indice de production brut (Référence 2004-2006)","2044","Élevage (Indice Pr)","2013","2013","Int. $","101.02","Fc","Donnée calculée"
"QI","Indices de production","47","Îles Cook","432","Indice de production brut (Référence 2004-2006)","2044","Élevage (Indice Pr)","2013","2013","Int. $","103.65","Fc","Donnée calculée"
"QI","Indices de production","65","Îles Falkland","432","Indice de production brut (Référence 2004-2006)","2044","Élevage (Indice Pr)","2013","2013","Int. $","96.55","Fc","Donnée calculée"
"QI","Indices de production","64","Îles Féroé","432","Indice de production brut (Référence 2004-2006)","2044","Élevage (Indice Pr)","2013","2013","Int. $","100.17","Fc","Donnée calculée"
"QI","Indices de production","25","Îles Salomon","432","Indice de production brut (Référence 2004-2006)","2044","Élevage (Indice Pr)","2013","2013","Int. $","105.92","Fc","Donnée calculée"
"QI","Indices de production","240","Îles Vierges américaines","432","Indice de production brut (Référence 2004-2006)","2044","Élevage (Indice Pr)","2013","2013","Int. $","106.64","Fc","Donnée calculée"
"QI","Indices de production","239","Îles Vierges britanniques","432","Indice de production brut (Référence 2004-2006)","2044","Élevage (Indice Pr)","2013","2013","Int. $","99.72","Fc","Donnée calculée"
"QI","Indices de production","243","Îles Wallis et Futuna","432","Indice de production brut (Référence 2004-2006)","2044","Élevage (Indice Pr)","2013","2013","Int. $","102.54","Fc","Donnée calculée"
"QI","Indices de production","100","Inde","432","Indice de production brut (Référence 2004-2006)","2044","Élevage (Indice Pr)","2013","2013","Int. $","136.36","Fc","Donnée calculée"
"QI","Indices de production","101","Indonésie","432","Indice de production brut (Référence 2004-2006)","2044","Élevage (Indice Pr)","2013","2013","Int. $","138.38","Fc","Donnée calculée"
"QI","Indices de production","102","Iran (République islamique d')","432","Indice de production brut (Référence 2004-2006)","2044","Élevage (Indice Pr)","2013","2013","Int. $","112.14","Fc","Donnée calculée"
"QI","Indices de production","103","Iraq","432","Indice de production brut (Référence 2004-2006)","2044","Élevage (Indice Pr)","2013","2013","Int. $","126.31","Fc","Donnée calculée"
"QI","Indices de production","104","Irlande","432","Indice de production brut (Référence 2004-2006)","2044","Élevage (Indice Pr)","2013","2013","Int. $","101.37","Fc","Donnée calculée"
"QI","Indices de production","99","Islande","432","Indice de production brut (Référence 2004-2006)","2044","Élevage (Indice Pr)","2013","2013","Int. $","115.29","Fc","Donnée calculée"
"QI","Indices de production","105","Israël","432","Indice de production brut (Référence 2004-2006)","2044","Élevage (Indice Pr)","2013","2013","Int. $","113.85","Fc","Donnée calculée"
"QI","Indices de production","106","Italie","432","Indice de production brut (Référence 2004-2006)","2044","Élevage (Indice Pr)","2013","2013","Int. $","92.64","Fc","Donnée calculée"
"QI","Indices de production","109","Jamaïque","432","Indice de production brut (Référence 2004-2006)","2044","Élevage (Indice Pr)","2013","2013","Int. $","103.01","Fc","Donnée calculée"
"QI","Indices de production","110","Japon","432","Indice de production brut (Référence 2004-2006)","2044","Élevage (Indice Pr)","2013","2013","Int. $","101.28","Fc","Donnée calculée"
"QI","Indices de production","112","Jordanie","432","Indice de production brut (Référence 2004-2006)","2044","Élevage (Indice Pr)","2013","2013","Int. $","147.15","Fc","Donnée calculée"
"QI","Indices de production","108","Kazakhstan","432","Indice de production brut (Référence 2004-2006)","2044","Élevage (Indice Pr)","2013","2013","Int. $","110.87","Fc","Donnée calculée"
"QI","Indices de production","114","Kenya","432","Indice de production brut (Référence 2004-2006)","2044","Élevage (Indice Pr)","2013","2013","Int. $","116.14","Fc","Donnée calculée"
"QI","Indices de production","113","Kirghizistan","432","Indice de production brut (Référence 2004-2006)","2044","Élevage (Indice Pr)","2013","2013","Int. $","112.63","Fc","Donnée calculée"
"QI","Indices de production","83","Kiribati","432","Indice de production brut (Référence 2004-2006)","2044","Élevage (Indice Pr)","2013","2013","Int. $","119.13","Fc","Donnée calculée"
"QI","Indices de production","118","Koweït","432","Indice de production brut (Référence 2004-2006)","2044","Élevage (Indice Pr)","2013","2013","Int. $","188.8","Fc","Donnée calculée"
"QI","Indices de production","122","Lesotho","432","Indice de production brut (Référence 2004-2006)","2044","Élevage (Indice Pr)","2013","2013","Int. $","112.03","Fc","Donnée calculée"
"QI","Indices de production","119","Lettonie","432","Indice de production brut (Référence 2004-2006)","2044","Élevage (Indice Pr)","2013","2013","Int. $","117.41","Fc","Donnée calculée"
"QI","Indices de production","154","Macédoine du Nord","432","Indice de production brut (Référence 2004-2006)","2044","Élevage (Indice Pr)","2013","2013","Int. $","114.97","Fc","Donnée calculée"
"QI","Indices de production","121","Liban","432","Indice de production brut (Référence 2004-2006)","2044","Élevage (Indice Pr)","2013","2013","Int. $","93.26","Fc","Donnée calculée"
"QI","Indices de production","123","Libéria","432","Indice de production brut (Référence 2004-2006)","2044","Élevage (Indice Pr)","2013","2013","Int. $","138.03","Fc","Donnée calculée"
"QI","Indices de production","124","Libye","432","Indice de production brut (Référence 2004-2006)","2044","Élevage (Indice Pr)","2013","2013","Int. $","116.83","Fc","Donnée calculée"
"QI","Indices de production","125","Liechtenstein","432","Indice de production brut (Référence 2004-2006)","2044","Élevage (Indice Pr)","2013","2013","Int. $","99.73","Fc","Donnée calculée"
"QI","Indices de production","126","Lituanie","432","Indice de production brut (Référence 2004-2006)","2044","Élevage (Indice Pr)","2013","2013","Int. $","96.92","Fc","Donnée calculée"
"QI","Indices de production","256","Luxembourg","432","Indice de production brut (Référence 2004-2006)","2044","Élevage (Indice Pr)","2013","2013","Int. $","95.36","Fc","Donnée calculée"
"QI","Indices de production","129","Madagascar","432","Indice de production brut (Référence 2004-2006)","2044","Élevage (Indice Pr)","2013","2013","Int. $","124.75","Fc","Donnée calculée"
"QI","Indices de production","131","Malaisie","432","Indice de production brut (Référence 2004-2006)","2044","Élevage (Indice Pr)","2013","2013","Int. $","139.48","Fc","Donnée calculée"
"QI","Indices de production","130","Malawi","432","Indice de production brut (Référence 2004-2006)","2044","Élevage (Indice Pr)","2013","2013","Int. $","238.9","Fc","Donnée calculée"
"QI","Indices de production","132","Maldives","432","Indice de production brut (Référence 2004-2006)","2044","Élevage (Indice Pr)","2013","2013","Int. $","112.93","Fc","Donnée calculée"
"QI","Indices de production","133","Mali","432","Indice de production brut (Référence 2004-2006)","2044","Élevage (Indice Pr)","2013","2013","Int. $","134.3","Fc","Donnée calculée"
"QI","Indices de production","134","Malte","432","Indice de production brut (Référence 2004-2006)","2044","Élevage (Indice Pr)","2013","2013","Int. $","86.46","Fc","Donnée calculée"
"QI","Indices de production","143","Maroc","432","Indice de production brut (Référence 2004-2006)","2044","Élevage (Indice Pr)","2013","2013","Int. $","138.99","Fc","Donnée calculée"
"QI","Indices de production","135","Martinique","432","Indice de production brut (Référence 2004-2006)","2044","Élevage (Indice Pr)","2013","2013","Int. $","84.67","Fc","Donnée calculée"
"QI","Indices de production","137","Maurice","432","Indice de production brut (Référence 2004-2006)","2044","Élevage (Indice Pr)","2013","2013","Int. $","129.62","Fc","Donnée calculée"
"QI","Indices de production","136","Mauritanie","432","Indice de production brut (Référence 2004-2006)","2044","Élevage (Indice Pr)","2013","2013","Int. $","108.97","Fc","Donnée calculée"
"QI","Indices de production","138","Mexique","432","Indice de production brut (Référence 2004-2006)","2044","Élevage (Indice Pr)","2013","2013","Int. $","113.16","Fc","Donnée calculée"
"QI","Indices de production","145","Micronésie (États fédérés de)","432","Indice de production brut (Référence 2004-2006)","2044","Élevage (Indice Pr)","2013","2013","Int. $","102.37","Fc","Donnée calculée"
"QI","Indices de production","141","Mongolie","432","Indice de production brut (Référence 2004-2006)","2044","Élevage (Indice Pr)","2013","2013","Int. $","136.67","Fc","Donnée calculée"
"QI","Indices de production","273","Monténégro","432","Indice de production brut (Référence 2004-2006)","2044","Élevage (Indice Pr)","2013","2013","Int. $","87.35","Fc","Donnée calculée"
"QI","Indices de production","142","Montserrat","432","Indice de production brut (Référence 2004-2006)","2044","Élevage (Indice Pr)","2013","2013","Int. $","96.71","Fc","Donnée calculée"
"QI","Indices de production","144","Mozambique","432","Indice de production brut (Référence 2004-2006)","2044","Élevage (Indice Pr)","2013","2013","Int. $","120.5","Fc","Donnée calculée"
"QI","Indices de production","28","Myanmar","432","Indice de production brut (Référence 2004-2006)","2044","Élevage (Indice Pr)","2013","2013","Int. $","197.37","Fc","Donnée calculée"
"QI","Indices de production","147","Namibie","432","Indice de production brut (Référence 2004-2006)","2044","Élevage (Indice Pr)","2013","2013","Int. $","84.53","Fc","Donnée calculée"
"QI","Indices de production","148","Nauru","432","Indice de production brut (Référence 2004-2006)","2044","Élevage (Indice Pr)","2013","2013","Int. $","104.7","Fc","Donnée calculée"
"QI","Indices de production","149","Népal","432","Indice de production brut (Référence 2004-2006)","2044","Élevage (Indice Pr)","2013","2013","Int. $","135.31","Fc","Donnée calculée"
"QI","Indices de production","157","Nicaragua","432","Indice de production brut (Référence 2004-2006)","2044","Élevage (Indice Pr)","2013","2013","Int. $","136.22","Fc","Donnée calculée"
"QI","Indices de production","158","Niger","432","Indice de production brut (Référence 2004-2006)","2044","Élevage (Indice Pr)","2013","2013","Int. $","100.33","Fc","Donnée calculée"
"QI","Indices de production","159","Nigéria","432","Indice de production brut (Référence 2004-2006)","2044","Élevage (Indice Pr)","2013","2013","Int. $","123.69","Fc","Donnée calculée"
"QI","Indices de production","160","Nioué","432","Indice de production brut (Référence 2004-2006)","2044","Élevage (Indice Pr)","2013","2013","Int. $","102.68","Fc","Donnée calculée"
"QI","Indices de production","162","Norvège","432","Indice de production brut (Référence 2004-2006)","2044","Élevage (Indice Pr)","2013","2013","Int. $","108.34","Fc","Donnée calculée"
"QI","Indices de production","153","Nouvelle-Calédonie","432","Indice de production brut (Référence 2004-2006)","2044","Élevage (Indice Pr)","2013","2013","Int. $","110.04","Fc","Donnée calculée"
"QI","Indices de production","156","Nouvelle-Zélande","432","Indice de production brut (Référence 2004-2006)","2044","Élevage (Indice Pr)","2013","2013","Int. $","108.96","Fc","Donnée calculée"
"QI","Indices de production","221","Oman","432","Indice de production brut (Référence 2004-2006)","2044","Élevage (Indice Pr)","2013","2013","Int. $","122.42","Fc","Donnée calculée"
"QI","Indices de production","226","Ouganda","432","Indice de production brut (Référence 2004-2006)","2044","Élevage (Indice Pr)","2013","2013","Int. $","127.78","Fc","Donnée calculée"
"QI","Indices de production","235","Ouzbékistan","432","Indice de production brut (Référence 2004-2006)","2044","Élevage (Indice Pr)","2013","2013","Int. $","166.87","Fc","Donnée calculée"
"QI","Indices de production","165","Pakistan","432","Indice de production brut (Référence 2004-2006)","2044","Élevage (Indice Pr)","2013","2013","Int. $","134.99","Fc","Donnée calculée"
"QI","Indices de production","166","Panama","432","Indice de production brut (Référence 2004-2006)","2044","Élevage (Indice Pr)","2013","2013","Int. $","136.74","Fc","Donnée calculée"
"QI","Indices de production","168","Papouasie-Nouvelle-Guinée","432","Indice de production brut (Référence 2004-2006)","2044","Élevage (Indice Pr)","2013","2013","Int. $","114.68","Fc","Donnée calculée"
"QI","Indices de production","169","Paraguay","432","Indice de production brut (Référence 2004-2006)","2044","Élevage (Indice Pr)","2013","2013","Int. $","133.54","Fc","Donnée calculée"
"QI","Indices de production","150","Pays-Bas","432","Indice de production brut (Référence 2004-2006)","2044","Élevage (Indice Pr)","2013","2013","Int. $","114.67","Fc","Donnée calculée"
"QI","Indices de production","170","Pérou","432","Indice de production brut (Référence 2004-2006)","2044","Élevage (Indice Pr)","2013","2013","Int. $","155.07","Fc","Donnée calculée"
"QI","Indices de production","171","Philippines","432","Indice de production brut (Référence 2004-2006)","2044","Élevage (Indice Pr)","2013","2013","Int. $","126.54","Fc","Donnée calculée"
"QI","Indices de production","173","Pologne","432","Indice de production brut (Référence 2004-2006)","2044","Élevage (Indice Pr)","2013","2013","Int. $","107.82","Fc","Donnée calculée"
"QI","Indices de production","70","Polynésie française","432","Indice de production brut (Référence 2004-2006)","2044","Élevage (Indice Pr)","2013","2013","Int. $","113.41","Fc","Donnée calculée"
"QI","Indices de production","177","Porto Rico","432","Indice de production brut (Référence 2004-2006)","2044","Élevage (Indice Pr)","2013","2013","Int. $","110.12","Fc","Donnée calculée"
"QI","Indices de production","174","Portugal","432","Indice de production brut (Référence 2004-2006)","2044","Élevage (Indice Pr)","2013","2013","Int. $","101.76","Fc","Donnée calculée"
"QI","Indices de production","179","Qatar","432","Indice de production brut (Référence 2004-2006)","2044","Élevage (Indice Pr)","2013","2013","Int. $","181.6","Fc","Donnée calculée"
"QI","Indices de production","212","République arabe syrienne","432","Indice de production brut (Référence 2004-2006)","2044","Élevage (Indice Pr)","2013","2013","Int. $","84.41","Fc","Donnée calculée"
"QI","Indices de production","37","République centrafricaine","432","Indice de production brut (Référence 2004-2006)","2044","Élevage (Indice Pr)","2013","2013","Int. $","128.74","Fc","Donnée calculée"
"QI","Indices de production","117","République de Corée","432","Indice de production brut (Référence 2004-2006)","2044","Élevage (Indice Pr)","2013","2013","Int. $","118.73","Fc","Donnée calculée"
"QI","Indices de production","146","République de Moldova","432","Indice de production brut (Référence 2004-2006)","2044","Élevage (Indice Pr)","2013","2013","Int. $","96.36","Fc","Donnée calculée"
"QI","Indices de production","250","République démocratique du Congo","432","Indice de production brut (Référence 2004-2006)","2044","Élevage (Indice Pr)","2013","2013","Int. $","106.68","Fc","Donnée calculée"
"QI","Indices de production","120","République démocratique populaire lao","432","Indice de production brut (Référence 2004-2006)","2044","Élevage (Indice Pr)","2013","2013","Int. $","125.07","Fc","Donnée calculée"
"QI","Indices de production","56","République dominicaine","432","Indice de production brut (Référence 2004-2006)","2044","Élevage (Indice Pr)","2013","2013","Int. $","111.77","Fc","Donnée calculée"
"QI","Indices de production","116","République populaire démocratique de Corée","432","Indice de production brut (Référence 2004-2006)","2044","Élevage (Indice Pr)","2013","2013","Int. $","104.27","Fc","Donnée calculée"
"QI","Indices de production","215","République-Unie de Tanzanie","432","Indice de production brut (Référence 2004-2006)","2044","Élevage (Indice Pr)","2013","2013","Int. $","140.98","Fc","Donnée calculée"
"QI","Indices de production","182","Réunion","432","Indice de production brut (Référence 2004-2006)","2044","Élevage (Indice Pr)","2013","2013","Int. $","116.58","Fc","Donnée calculée"
"QI","Indices de production","183","Roumanie","432","Indice de production brut (Référence 2004-2006)","2044","Élevage (Indice Pr)","2013","2013","Int. $","84.86","Fc","Donnée calculée"
"QI","Indices de production","229","Royaume-Uni","432","Indice de production brut (Référence 2004-2006)","2044","Élevage (Indice Pr)","2013","2013","Int. $","102.94","Fc","Donnée calculée"
"QI","Indices de production","184","Rwanda","432","Indice de production brut (Référence 2004-2006)","2044","Élevage (Indice Pr)","2013","2013","Int. $","140.12","Fc","Donnée calculée"
"QI","Indices de production","205","Sahara occidental","432","Indice de production brut (Référence 2004-2006)","2044","Élevage (Indice Pr)","2013","2013","Int. $","106.92","Fc","Donnée calculée"
"QI","Indices de production","189","Sainte-Lucie","432","Indice de production brut (Référence 2004-2006)","2044","Élevage (Indice Pr)","2013","2013","Int. $","127.64","Fc","Donnée calculée"
"QI","Indices de production","188","Saint-Kitts-et-Nevis","432","Indice de production brut (Référence 2004-2006)","2044","Élevage (Indice Pr)","2013","2013","Int. $","85.44","Fc","Donnée calculée"
"QI","Indices de production","190","Saint-Pierre-et-Miquelon","432","Indice de production brut (Référence 2004-2006)","2044","Élevage (Indice Pr)","2013","2013","Int. $","111.23","Fc","Donnée calculée"
"QI","Indices de production","191","Saint-Vincent-et-les Grenadines","432","Indice de production brut (Référence 2004-2006)","2044","Élevage (Indice Pr)","2013","2013","Int. $","104.46","Fc","Donnée calculée"
"QI","Indices de production","244","Samoa","432","Indice de production brut (Référence 2004-2006)","2044","Élevage (Indice Pr)","2013","2013","Int. $","111.03","Fc","Donnée calculée"
"QI","Indices de production","5","Samoa américaines","432","Indice de production brut (Référence 2004-2006)","2044","Élevage (Indice Pr)","2013","2013","Int. $","100.42","Fc","Donnée calculée"
"QI","Indices de production","193","Sao Tomé-et-Principe","432","Indice de production brut (Référence 2004-2006)","2044","Élevage (Indice Pr)","2013","2013","Int. $","122.14","Fc","Donnée calculée"
"QI","Indices de production","195","Sénégal","432","Indice de production brut (Référence 2004-2006)","2044","Élevage (Indice Pr)","2013","2013","Int. $","131.37","Fc","Donnée calculée"
"QI","Indices de production","272","Serbie","432","Indice de production brut (Référence 2004-2006)","2044","Élevage (Indice Pr)","2013","2013","Int. $","100.98","Fc","Donnée calculée"
"QI","Indices de production","196","Seychelles","432","Indice de production brut (Référence 2004-2006)","2044","Élevage (Indice Pr)","2013","2013","Int. $","110.78","Fc","Donnée calculée"
"QI","Indices de production","197","Sierra Leone","432","Indice de production brut (Référence 2004-2006)","2044","Élevage (Indice Pr)","2013","2013","Int. $","198.72","Fc","Donnée calculée"
"QI","Indices de production","200","Singapour","432","Indice de production brut (Référence 2004-2006)","2044","Élevage (Indice Pr)","2013","2013","Int. $","108.76","Fc","Donnée calculée"
"QI","Indices de production","199","Slovaquie","432","Indice de production brut (Référence 2004-2006)","2044","Élevage (Indice Pr)","2013","2013","Int. $","77.24","Fc","Donnée calculée"
"QI","Indices de production","198","Slovénie","432","Indice de production brut (Référence 2004-2006)","2044","Élevage (Indice Pr)","2013","2013","Int. $","85.23","Fc","Donnée calculée"
"QI","Indices de production","201","Somalie","432","Indice de production brut (Référence 2004-2006)","2044","Élevage (Indice Pr)","2013","2013","Int. $","118.02","Fc","Donnée calculée"
"QI","Indices de production","38","Sri Lanka","432","Indice de production brut (Référence 2004-2006)","2044","Élevage (Indice Pr)","2013","2013","Int. $","133.69","Fc","Donnée calculée"
"QI","Indices de production","210","Suède","432","Indice de production brut (Référence 2004-2006)","2044","Élevage (Indice Pr)","2013","2013","Int. $","92.76","Fc","Donnée calculée"
"QI","Indices de production","211","Suisse","432","Indice de production brut (Référence 2004-2006)","2044","Élevage (Indice Pr)","2013","2013","Int. $","105.23","Fc","Donnée calculée"
"QI","Indices de production","207","Suriname","432","Indice de production brut (Référence 2004-2006)","2044","Élevage (Indice Pr)","2013","2013","Int. $","115.01","Fc","Donnée calculée"
"QI","Indices de production","209","Eswatini","432","Indice de production brut (Référence 2004-2006)","2044","Élevage (Indice Pr)","2013","2013","Int. $","115.41","Fc","Donnée calculée"
"QI","Indices de production","208","Tadjikistan","432","Indice de production brut (Référence 2004-2006)","2044","Élevage (Indice Pr)","2013","2013","Int. $","171.11","Fc","Donnée calculée"
"QI","Indices de production","39","Tchad","432","Indice de production brut (Référence 2004-2006)","2044","Élevage (Indice Pr)","2013","2013","Int. $","114.51","Fc","Donnée calculée"
"QI","Indices de production","167","Tchéquie (la)","432","Indice de production brut (Référence 2004-2006)","2044","Élevage (Indice Pr)","2013","2013","Int. $","85.05","Fc","Donnée calculée"
"QI","Indices de production","299","Palestine","432","Indice de production brut (Référence 2004-2006)","2044","Élevage (Indice Pr)","2013","2013","Int. $","80.84","Fc","Donnée calculée"
"QI","Indices de production","216","Thaïlande","432","Indice de production brut (Référence 2004-2006)","2044","Élevage (Indice Pr)","2013","2013","Int. $","130.19","Fc","Donnée calculée"
"QI","Indices de production","176","Timor-Leste","432","Indice de production brut (Référence 2004-2006)","2044","Élevage (Indice Pr)","2013","2013","Int. $","114.54","Fc","Donnée calculée"
"QI","Indices de production","217","Togo","432","Indice de production brut (Référence 2004-2006)","2044","Élevage (Indice Pr)","2013","2013","Int. $","136.83","Fc","Donnée calculée"
"QI","Indices de production","218","Tokélaou","432","Indice de production brut (Référence 2004-2006)","2044","Élevage (Indice Pr)","2013","2013","Int. $","99.18","Fc","Donnée calculée"
"QI","Indices de production","219","Tonga","432","Indice de production brut (Référence 2004-2006)","2044","Élevage (Indice Pr)","2013","2013","Int. $","107.27","Fc","Donnée calculée"
"QI","Indices de production","220","Trinité-et-Tobago","432","Indice de production brut (Référence 2004-2006)","2044","Élevage (Indice Pr)","2013","2013","Int. $","120.3","Fc","Donnée calculée"
"QI","Indices de production","222","Tunisie","432","Indice de production brut (Référence 2004-2006)","2044","Élevage (Indice Pr)","2013","2013","Int. $","120.63","Fc","Donnée calculée"
"QI","Indices de production","213","Turkménistan","432","Indice de production brut (Référence 2004-2006)","2044","Élevage (Indice Pr)","2013","2013","Int. $","135.94","Fc","Donnée calculée"
"QI","Indices de production","223","Turquie","432","Indice de production brut (Référence 2004-2006)","2044","Élevage (Indice Pr)","2013","2013","Int. $","163.2","Fc","Donnée calculée"
"QI","Indices de production","227","Tuvalu","432","Indice de production brut (Référence 2004-2006)","2044","Élevage (Indice Pr)","2013","2013","Int. $","105.26","Fc","Donnée calculée"
"QI","Indices de production","230","Ukraine","432","Indice de production brut (Référence 2004-2006)","2044","Élevage (Indice Pr)","2013","2013","Int. $","104.77","Fc","Donnée calculée"
"QI","Indices de production","234","Uruguay","432","Indice de production brut (Référence 2004-2006)","2044","Élevage (Indice Pr)","2013","2013","Int. $","105.49","Fc","Donnée calculée"
"QI","Indices de production","155","Vanuatu","432","Indice de production brut (Référence 2004-2006)","2044","Élevage (Indice Pr)","2013","2013","Int. $","112.22","Fc","Donnée calculée"
"QI","Indices de production","236","Venezuela (République bolivarienne du)","432","Indice de production brut (Référence 2004-2006)","2044","Élevage (Indice Pr)","2013","2013","Int. $","131.82","Fc","Donnée calculée"
"QI","Indices de production","237","Viet Nam","432","Indice de production brut (Référence 2004-2006)","2044","Élevage (Indice Pr)","2013","2013","Int. $","147.66","Fc","Donnée calculée"
"QI","Indices de production","249","Yémen","432","Indice de production brut (Référence 2004-2006)","2044","Élevage (Indice Pr)","2013","2013","Int. $","158.7","Fc","Donnée calculée"
"QI","Indices de production","251","Zambie","432","Indice de production brut (Référence 2004-2006)","2044","Élevage (Indice Pr)","2013","2013","Int. $","196.88","Fc","Donnée calculée"
"QI","Indices de production","181","Zimbabwe","432","Indice de production brut (Référence 2004-2006)","2044","Élevage (Indice Pr)","2013","2013","Int. $","105.43","Fc","Donnée calculée"
